Model,Price,Photo
Benelli RAFFAELLO Limited Edition,11950 ₾,https://www.caliber.ge/storage/productImage/Wxtv5Tj5B4FsBsOJXTibEBt9NDG14DpvbZokL5rD.jpg
Benelli 828U STEEL BE­S.T. LIMITED EDITION,13999 ₾,https://www.caliber.ge/storage/productImage/D2DF4vpQpbKTBu4x0VBnECmaSfFAWZ8Ln5TpCXCE.png
Benelli Bruno Civolani Limited Edition,14999 ₾,https://www.caliber.ge/storage/productImage/upXw0BkCNujcmPPmrDRpIKHWw61yv01cxSYsNoWS.jpg
Benelli RAFFAELLO LIM ED 2023,11950 ₾,https://www.caliber.ge/storage/productImage/k0auhsASKNPfePUDjQUFYTb976vJvBFIydeNfWXM.jpg
Benelli Pasion MK2 C,4590 ₾,https://www.caliber.ge/storage/productImage/y10isAigH4QYK7KPP2kCuh7zS8tBA3qXLzL8H8cy.jpg
Benelli Pasion MK2 C,4590 ₾,https://www.caliber.ge/storage/productImage/gAc5LxJHUTYfUW7DHkpTMOd2Ref6Aawl0M9ftDxL.jpg
Benelli Bellmonte Brown,3999 ₾,https://www.caliber.ge/storage/productImage/a8FmKaBJJ7EOZjHi7ASGTa2dOy6CZOpRw6Y0IX20.png
Benelli Bellmonte I C,3399 ₾,https://www.caliber.ge/storage/productImage/JCBtoOIxxOkOnQHsQeNxykc03etkWsaMJwB8sysS.jpg
Benelli Bellmonte II C,3899 ₾,https://www.caliber.ge/storage/productImage/TwwjV416FXFfzo6pM4tmueIVrjlVLgqokktcXCzK.jpg
Benelli Bellmonte I,3199 ₾,https://www.caliber.ge/storage/productImage/L7cwO6LoZLca1aJ4x15sWTT402tQJnP1YJBSMHvs.jpg
Benelli MONTEFELTRO BLACK 12GA,4499 ₾,https://www.caliber.ge/storage/productImage/vB46DE3U4iAT9CadA6Mvrbwq7OTYyAwMF7PMYzEk.png
Beneli 828U Sport,10800 ₾,https://www.caliber.ge/storage/productImage/JGTQ3KXOInZi5tsHFfPu2oGgZarJismIGmuA47yN.png
Benelli SBE3 BE-S.T,7499 ₾,https://www.caliber.ge/storage/productImage/Qn5pEPRx5ROGRTnD7h5nlmY7ck06sZGPsoTeHTtE.jpg
Benelli SBE3 OMP COMFORT,7399 ₾,https://www.caliber.ge/storage/productImage/swR7OSARsppEvkOERHn8Zbqh5j9r3scx3yyEcmAe.png
Benelli ETHOS SPORT,7700 ₾,https://www.caliber.ge/storage/productImage/k6FQjtWsbVSy7klGbsJITOj6tDmzuWiftG1ewpP2.png
Benelli FSV 828U Black,8800 ₾,https://www.caliber.ge/storage/productImage/IAaYCiYeBfu16UjCHm2x4ZuK346HqyV51Zef233Z.png
Benelli FSV 828U Silver,9800 ₾,https://www.caliber.ge/storage/productImage/LEdOsFamlHEoGyJEIXG3zS7czQ7qv1eoSgw1z4gc.jpg
Benelli FSA M2 MAX5 COMFORT,5599 ₾,https://www.caliber.ge/storage/productImage/X0uq4yzkQsc4HwaglS48j0YQjIjdgfATsfEFBarS.png
Benelli FSA SBE3 TUN H237 12/28,7899 ₾,https://www.caliber.ge/storage/productImage/tOEWcgdTeop3fE3N7kJScJpitO1KQnEhDPW2fPQL.png
Benelli FSA M2 CERAC TUNG CAMO 12/28,5999 ₾,https://www.caliber.ge/storage/productImage/SoJMea7g0Pq13zb8P4vM7nWPvjDzehWDHu6D6KIy.png
Benelli RAFFAELLO Limited Edition,11950 ₾,https://www.caliber.ge/storage/productImage/Wxtv5Tj5B4FsBsOJXTibEBt9NDG14DpvbZokL5rD.jpg
Benelli 828U STEEL BE­S.T. LIMITED EDITION,13999 ₾,https://www.caliber.ge/storage/productImage/D2DF4vpQpbKTBu4x0VBnECmaSfFAWZ8Ln5TpCXCE.png
Benelli Bruno Civolani Limited Edition,14999 ₾,https://www.caliber.ge/storage/productImage/upXw0BkCNujcmPPmrDRpIKHWw61yv01cxSYsNoWS.jpg
Benelli RAFFAELLO LIM ED 2023,11950 ₾,https://www.caliber.ge/storage/productImage/k0auhsASKNPfePUDjQUFYTb976vJvBFIydeNfWXM.jpg
Benelli Pasion MK2 C,4590 ₾,https://www.caliber.ge/storage/productImage/y10isAigH4QYK7KPP2kCuh7zS8tBA3qXLzL8H8cy.jpg
Benelli Pasion MK2 C,4590 ₾,https://www.caliber.ge/storage/productImage/gAc5LxJHUTYfUW7DHkpTMOd2Ref6Aawl0M9ftDxL.jpg
Benelli Bellmonte Brown,3999 ₾,https://www.caliber.ge/storage/productImage/a8FmKaBJJ7EOZjHi7ASGTa2dOy6CZOpRw6Y0IX20.png
Benelli Bellmonte I C,3399 ₾,https://www.caliber.ge/storage/productImage/JCBtoOIxxOkOnQHsQeNxykc03etkWsaMJwB8sysS.jpg
Benelli Bellmonte II C,3899 ₾,https://www.caliber.ge/storage/productImage/TwwjV416FXFfzo6pM4tmueIVrjlVLgqokktcXCzK.jpg
Benelli Bellmonte I,3199 ₾,https://www.caliber.ge/storage/productImage/L7cwO6LoZLca1aJ4x15sWTT402tQJnP1YJBSMHvs.jpg
Benelli MONTEFELTRO BLACK 12GA,4499 ₾,https://www.caliber.ge/storage/productImage/vB46DE3U4iAT9CadA6Mvrbwq7OTYyAwMF7PMYzEk.png
Beneli 828U Sport,10800 ₾,https://www.caliber.ge/storage/productImage/JGTQ3KXOInZi5tsHFfPu2oGgZarJismIGmuA47yN.png
Benelli SBE3 BE-S.T,7499 ₾,https://www.caliber.ge/storage/productImage/Qn5pEPRx5ROGRTnD7h5nlmY7ck06sZGPsoTeHTtE.jpg
Benelli SBE3 OMP COMFORT,7399 ₾,https://www.caliber.ge/storage/productImage/swR7OSARsppEvkOERHn8Zbqh5j9r3scx3yyEcmAe.png
Benelli ETHOS SPORT,7700 ₾,https://www.caliber.ge/storage/productImage/k6FQjtWsbVSy7klGbsJITOj6tDmzuWiftG1ewpP2.png
Benelli FSV 828U Black,8800 ₾,https://www.caliber.ge/storage/productImage/IAaYCiYeBfu16UjCHm2x4ZuK346HqyV51Zef233Z.png
Benelli FSV 828U Silver,9800 ₾,https://www.caliber.ge/storage/productImage/LEdOsFamlHEoGyJEIXG3zS7czQ7qv1eoSgw1z4gc.jpg
Benelli FSA M2 MAX5 COMFORT,5599 ₾,https://www.caliber.ge/storage/productImage/X0uq4yzkQsc4HwaglS48j0YQjIjdgfATsfEFBarS.png
Benelli FSA SBE3 TUN H237 12/28,7899 ₾,https://www.caliber.ge/storage/productImage/tOEWcgdTeop3fE3N7kJScJpitO1KQnEhDPW2fPQL.png
Benelli FSA M2 CERAC TUNG CAMO 12/28,5999 ₾,https://www.caliber.ge/storage/productImage/SoJMea7g0Pq13zb8P4vM7nWPvjDzehWDHu6D6KIy.png
Benelli RAFFAELLO Limited Edition,11950 ₾,https://www.caliber.ge/storage/productImage/Wxtv5Tj5B4FsBsOJXTibEBt9NDG14DpvbZokL5rD.jpg
Benelli 828U STEEL BE­S.T. LIMITED EDITION,13999 ₾,https://www.caliber.ge/storage/productImage/D2DF4vpQpbKTBu4x0VBnECmaSfFAWZ8Ln5TpCXCE.png
Benelli Bruno Civolani Limited Edition,14999 ₾,https://www.caliber.ge/storage/productImage/upXw0BkCNujcmPPmrDRpIKHWw61yv01cxSYsNoWS.jpg
Benelli RAFFAELLO LIM ED 2023,11950 ₾,https://www.caliber.ge/storage/productImage/k0auhsASKNPfePUDjQUFYTb976vJvBFIydeNfWXM.jpg
Benelli Pasion MK2 C,4590 ₾,https://www.caliber.ge/storage/productImage/y10isAigH4QYK7KPP2kCuh7zS8tBA3qXLzL8H8cy.jpg
Benelli Pasion MK2 C,4590 ₾,https://www.caliber.ge/storage/productImage/gAc5LxJHUTYfUW7DHkpTMOd2Ref6Aawl0M9ftDxL.jpg
Benelli Bellmonte Brown,3999 ₾,https://www.caliber.ge/storage/productImage/a8FmKaBJJ7EOZjHi7ASGTa2dOy6CZOpRw6Y0IX20.png
Benelli Bellmonte I C,3399 ₾,https://www.caliber.ge/storage/productImage/JCBtoOIxxOkOnQHsQeNxykc03etkWsaMJwB8sysS.jpg
Benelli Bellmonte II C,3899 ₾,https://www.caliber.ge/storage/productImage/TwwjV416FXFfzo6pM4tmueIVrjlVLgqokktcXCzK.jpg
Benelli Bellmonte I,3199 ₾,https://www.caliber.ge/storage/productImage/L7cwO6LoZLca1aJ4x15sWTT402tQJnP1YJBSMHvs.jpg
Benelli MONTEFELTRO BLACK 12GA,4499 ₾,https://www.caliber.ge/storage/productImage/vB46DE3U4iAT9CadA6Mvrbwq7OTYyAwMF7PMYzEk.png
Beneli 828U Sport,10800 ₾,https://www.caliber.ge/storage/productImage/JGTQ3KXOInZi5tsHFfPu2oGgZarJismIGmuA47yN.png
Benelli SBE3 BE-S.T,7499 ₾,https://www.caliber.ge/storage/productImage/Qn5pEPRx5ROGRTnD7h5nlmY7ck06sZGPsoTeHTtE.jpg
Benelli SBE3 OMP COMFORT,7399 ₾,https://www.caliber.ge/storage/productImage/swR7OSARsppEvkOERHn8Zbqh5j9r3scx3yyEcmAe.png
Benelli ETHOS SPORT,7700 ₾,https://www.caliber.ge/storage/productImage/k6FQjtWsbVSy7klGbsJITOj6tDmzuWiftG1ewpP2.png
Benelli FSV 828U Black,8800 ₾,https://www.caliber.ge/storage/productImage/IAaYCiYeBfu16UjCHm2x4ZuK346HqyV51Zef233Z.png
Benelli FSV 828U Silver,9800 ₾,https://www.caliber.ge/storage/productImage/LEdOsFamlHEoGyJEIXG3zS7czQ7qv1eoSgw1z4gc.jpg
Benelli FSA M2 MAX5 COMFORT,5599 ₾,https://www.caliber.ge/storage/productImage/X0uq4yzkQsc4HwaglS48j0YQjIjdgfATsfEFBarS.png
Benelli FSA SBE3 TUN H237 12/28,7899 ₾,https://www.caliber.ge/storage/productImage/tOEWcgdTeop3fE3N7kJScJpitO1KQnEhDPW2fPQL.png
Benelli FSA M2 CERAC TUNG CAMO 12/28,5999 ₾,https://www.caliber.ge/storage/productImage/SoJMea7g0Pq13zb8P4vM7nWPvjDzehWDHu6D6KIy.png
Benelli RAFFAELLO Limited Edition,11950 ₾,https://www.caliber.ge/storage/productImage/Wxtv5Tj5B4FsBsOJXTibEBt9NDG14DpvbZokL5rD.jpg
Benelli 828U STEEL BE­S.T. LIMITED EDITION,13999 ₾,https://www.caliber.ge/storage/productImage/D2DF4vpQpbKTBu4x0VBnECmaSfFAWZ8Ln5TpCXCE.png
Benelli Bruno Civolani Limited Edition,14999 ₾,https://www.caliber.ge/storage/productImage/upXw0BkCNujcmPPmrDRpIKHWw61yv01cxSYsNoWS.jpg
Benelli RAFFAELLO LIM ED 2023,11950 ₾,https://www.caliber.ge/storage/productImage/k0auhsASKNPfePUDjQUFYTb976vJvBFIydeNfWXM.jpg
Benelli Pasion MK2 C,4590 ₾,https://www.caliber.ge/storage/productImage/y10isAigH4QYK7KPP2kCuh7zS8tBA3qXLzL8H8cy.jpg
Benelli Pasion MK2 C,4590 ₾,https://www.caliber.ge/storage/productImage/gAc5LxJHUTYfUW7DHkpTMOd2Ref6Aawl0M9ftDxL.jpg
Benelli Bellmonte Brown,3999 ₾,https://www.caliber.ge/storage/productImage/a8FmKaBJJ7EOZjHi7ASGTa2dOy6CZOpRw6Y0IX20.png
Benelli Bellmonte I C,3399 ₾,https://www.caliber.ge/storage/productImage/JCBtoOIxxOkOnQHsQeNxykc03etkWsaMJwB8sysS.jpg
Benelli Bellmonte II C,3899 ₾,https://www.caliber.ge/storage/productImage/TwwjV416FXFfzo6pM4tmueIVrjlVLgqokktcXCzK.jpg
Benelli Bellmonte I,3199 ₾,https://www.caliber.ge/storage/productImage/L7cwO6LoZLca1aJ4x15sWTT402tQJnP1YJBSMHvs.jpg
Benelli MONTEFELTRO BLACK 12GA,4499 ₾,https://www.caliber.ge/storage/productImage/vB46DE3U4iAT9CadA6Mvrbwq7OTYyAwMF7PMYzEk.png
Beneli 828U Sport,10800 ₾,https://www.caliber.ge/storage/productImage/JGTQ3KXOInZi5tsHFfPu2oGgZarJismIGmuA47yN.png
Benelli SBE3 BE-S.T,7499 ₾,https://www.caliber.ge/storage/productImage/Qn5pEPRx5ROGRTnD7h5nlmY7ck06sZGPsoTeHTtE.jpg
Benelli SBE3 OMP COMFORT,7399 ₾,https://www.caliber.ge/storage/productImage/swR7OSARsppEvkOERHn8Zbqh5j9r3scx3yyEcmAe.png
Benelli ETHOS SPORT,7700 ₾,https://www.caliber.ge/storage/productImage/k6FQjtWsbVSy7klGbsJITOj6tDmzuWiftG1ewpP2.png
Benelli FSV 828U Black,8800 ₾,https://www.caliber.ge/storage/productImage/IAaYCiYeBfu16UjCHm2x4ZuK346HqyV51Zef233Z.png
Benelli FSV 828U Silver,9800 ₾,https://www.caliber.ge/storage/productImage/LEdOsFamlHEoGyJEIXG3zS7czQ7qv1eoSgw1z4gc.jpg
Benelli FSA M2 MAX5 COMFORT,5599 ₾,https://www.caliber.ge/storage/productImage/X0uq4yzkQsc4HwaglS48j0YQjIjdgfATsfEFBarS.png
Benelli FSA SBE3 TUN H237 12/28,7899 ₾,https://www.caliber.ge/storage/productImage/tOEWcgdTeop3fE3N7kJScJpitO1KQnEhDPW2fPQL.png
Benelli FSA M2 CERAC TUNG CAMO 12/28,5999 ₾,https://www.caliber.ge/storage/productImage/SoJMea7g0Pq13zb8P4vM7nWPvjDzehWDHu6D6KIy.png
Benelli RAFFAELLO Limited Edition,11950 ₾,https://www.caliber.ge/storage/productImage/Wxtv5Tj5B4FsBsOJXTibEBt9NDG14DpvbZokL5rD.jpg
Benelli 828U STEEL BE­S.T. LIMITED EDITION,13999 ₾,https://www.caliber.ge/storage/productImage/D2DF4vpQpbKTBu4x0VBnECmaSfFAWZ8Ln5TpCXCE.png
Benelli Bruno Civolani Limited Edition,14999 ₾,https://www.caliber.ge/storage/productImage/upXw0BkCNujcmPPmrDRpIKHWw61yv01cxSYsNoWS.jpg
Benelli RAFFAELLO LIM ED 2023,11950 ₾,https://www.caliber.ge/storage/productImage/k0auhsASKNPfePUDjQUFYTb976vJvBFIydeNfWXM.jpg
Benelli Pasion MK2 C,4590 ₾,https://www.caliber.ge/storage/productImage/y10isAigH4QYK7KPP2kCuh7zS8tBA3qXLzL8H8cy.jpg
Benelli Pasion MK2 C,4590 ₾,https://www.caliber.ge/storage/productImage/gAc5LxJHUTYfUW7DHkpTMOd2Ref6Aawl0M9ftDxL.jpg
Benelli Bellmonte Brown,3999 ₾,https://www.caliber.ge/storage/productImage/a8FmKaBJJ7EOZjHi7ASGTa2dOy6CZOpRw6Y0IX20.png
Benelli Bellmonte I C,3399 ₾,https://www.caliber.ge/storage/productImage/JCBtoOIxxOkOnQHsQeNxykc03etkWsaMJwB8sysS.jpg
Benelli Bellmonte II C,3899 ₾,https://www.caliber.ge/storage/productImage/TwwjV416FXFfzo6pM4tmueIVrjlVLgqokktcXCzK.jpg
Benelli Bellmonte I,3199 ₾,https://www.caliber.ge/storage/productImage/L7cwO6LoZLca1aJ4x15sWTT402tQJnP1YJBSMHvs.jpg
Benelli MONTEFELTRO BLACK 12GA,4499 ₾,https://www.caliber.ge/storage/productImage/vB46DE3U4iAT9CadA6Mvrbwq7OTYyAwMF7PMYzEk.png
Beneli 828U Sport,10800 ₾,https://www.caliber.ge/storage/productImage/JGTQ3KXOInZi5tsHFfPu2oGgZarJismIGmuA47yN.png
Benelli SBE3 BE-S.T,7499 ₾,https://www.caliber.ge/storage/productImage/Qn5pEPRx5ROGRTnD7h5nlmY7ck06sZGPsoTeHTtE.jpg
Benelli SBE3 OMP COMFORT,7399 ₾,https://www.caliber.ge/storage/productImage/swR7OSARsppEvkOERHn8Zbqh5j9r3scx3yyEcmAe.png
Benelli ETHOS SPORT,7700 ₾,https://www.caliber.ge/storage/productImage/k6FQjtWsbVSy7klGbsJITOj6tDmzuWiftG1ewpP2.png
Benelli FSV 828U Black,8800 ₾,https://www.caliber.ge/storage/productImage/IAaYCiYeBfu16UjCHm2x4ZuK346HqyV51Zef233Z.png
Benelli FSV 828U Silver,9800 ₾,https://www.caliber.ge/storage/productImage/LEdOsFamlHEoGyJEIXG3zS7czQ7qv1eoSgw1z4gc.jpg
Benelli FSA M2 MAX5 COMFORT,5599 ₾,https://www.caliber.ge/storage/productImage/X0uq4yzkQsc4HwaglS48j0YQjIjdgfATsfEFBarS.png
Benelli FSA SBE3 TUN H237 12/28,7899 ₾,https://www.caliber.ge/storage/productImage/tOEWcgdTeop3fE3N7kJScJpitO1KQnEhDPW2fPQL.png
Benelli FSA M2 CERAC TUNG CAMO 12/28,5999 ₾,https://www.caliber.ge/storage/productImage/SoJMea7g0Pq13zb8P4vM7nWPvjDzehWDHu6D6KIy.png
